<?xml version="1.0" encoding="UTF-8" standalone="yes"?>
<addon id="repository.sikyaddons" name="siky's Kodi Addon Repository" version="0.1" provider-name="sikysikov">
    <extension point="xbmc.addon.repository" name="siky's Kodi Addon Repository">
        <dir>
            <info compressed="false">https://raw.githubusercontent.com/sikysikov/sikyaddons/master/repo/zips/addons.xml</info>
            <checksum>https://raw.githubusercontent.com/sikysikov/sikyaddons/master/repo/zips/addons.xml.md5</checksum>
            <datadir zip="true">https://raw.githubusercontent.com/sikysikov/sikyaddons/master/repo/zips/</datadir>
        </dir>
    </extension>
    <extension point="xbmc.addon.metadata">
        <summary>sikyaddons</summary>
        <description>Addons for Kodi by Siky</description>
        <disclaimer></disclaimer>
        <platform>all</platform>
        <assets>
            <icon>icon.png</icon>
            <fanart>fanart.jpg</fanart>
        </assets>
    </extension>
</addon>
